error_id,consult_name,fact_id,error_type,original_source_text,altered_source_text,filename,section
1,day5_consultation02,fact_1,Negation Flip,"Doctor: OK. And have you actually been able to pass water OK?
Patient: Yes, but I've had spotted, uh, blood in my urine. Spots.","Doctor: OK. And have you actually been able to pass water OK?
Patient: No, but I've had spotted, uh, blood in my urine. Spots.",day5_consultation02_1,Subjective
2,day5_consultation02,fact_2,Diagnosis Censor,"Doctor: OK. Um, it sounds very much like you, might have an infection in your urine.","Doctor: OK. Um, it sounds very much like you, might have an .",day5_consultation02_2,Assessment
3,day5_consultation02,fact_3,Censor Value,Doctor: It would just be for three days.,Doctor: It would just be for  days.,day5_consultation02_3,Plan
4,day5_consultation03,F1,Negation Flip,"Doctor: . And has your mood ever been so low that you've felt like you just couldn't carry on with your job, or with your life, or with your normal, uh, things as they we're going on?
Patient: I wouldn't, no I wouldn't say that I've had, I haven't had any suicidal thoughts or any, thoughts that have been that extreme like, I haven't.","Doctor: . And has your mood ever been so low that you've felt like you just couldn't carry on with your job, or with your life, or with your normal, uh, things as they we're going on?
Patient: I would, yes I would say that I've had, I have had suicidal thoughts and, thoughts that have been that extreme.",day5_consultation03_1,Subjective
5,day5_consultation03,F2,Negation Flip,"Doctor: Does it feel like a regular fast beat, or an irregular, beat?
Patient: Irregular, I think.","Doctor: Does it feel like a regular fast beat, or an irregular, beat?
Patient: Regular, I think.",day5_consultation03_2,Objective
6,day5_consultation03,F3,Omission,"Doctor: And then arranging a GP follow-up a week after you've had the tests, so we can just go through the results with you.",,day5_consultation03_3,Plan